"","V1","V2","V3"
"1",4.75,4.2,1.66
"2",1.9,3.75,3.75
"3",2.75,3.75,2.37
"4",2.5,3.4,2.8
"5",1.95,3.75,3.75
"6",1.08,13,19
"7",1.5,4.5,6
"8",8.5,5.5,1.33
"9",5.5,4.6,1.53
"10",2.75,3.4,2.55
"11",4.5,4,1.72
"12",6,4.75,1.44
"13",2,3.75,3.5
"14",2.75,3.6,2.4
"15",1.14,8,15
"16",1.33,5.5,7.5
"17",3.6,3.5,2.05
"18",2.37,3.25,3
"19",2.7,3.5,2.45
"20",1.8,3.75,4.33
"21",3.1,3,2.45
"22",6.5,5.25,1.4
"23",1.7,3.8,4.75
"24",2.05,3.2,3.75
"25",2.5,3.4,2.7
"26",2.25,3,3.5
"27",3.75,2.9,2.2
"28",2.25,3.4,3.1
"29",5.75,4.33,1.53
"30",1.22,7,11
"31",1.66,3.9,5
"32",5,4,1.65
"33",1.9,3.5,4
"34",2.1,3.75,3.25
"35",1.95,3.1,4.33
"36",1.53,4.5,5.75
"37",2.62,3.6,2.55
"38",1.65,4.2,5
"39",13,7.5,1.16
"40",1.16,7.5,13
"41",1.7,4.2,4.5
"42",3.2,3.4,2.25
"43",3.2,3,2.4
"44",3,3,2.6
"45",2.7,3.6,2.5
"46",1.44,4.75,6.5
"47",1.25,6.5,10
"48",1.22,6,12
"49",1.36,5.25,7.5
"50",5,3.25,1.8
"51",2.8,3.5,2.45
"52",3.1,3.2,2.4
"53",2.8,2.9,2.87
"54",3,3.4,2.37
"55",3.4,3.6,2.05
"56",3.6,3.5,2.05
"57",1.95,3.5,3.8
"58",1.25,6,10
"59",2.7,3.8,2.37
"60",1.95,3.75,3.75
"61",5.25,4.33,1.57
"62",1.57,4.2,5.5
"63",2.6,3.5,2.62
"64",9.5,6.5,1.25
"65",2.25,3.8,2.9
"66",5.25,4,1.61
"67",2.1,3.25,3.75
"68",3.6,3.4,2.1
"69",1.8,3.4,5
"70",2.2,3.25,3.5
"71",2.45,3.2,3
"72",1.9,3.25,4.5
"73",3.3,3.1,2.37
"74",6,4.5,1.5
"75",1.9,3.5,4
"76",1.33,5.5,8
"77",6,4.2,1.55
"78",1.36,4.75,9
"79",4.1,4.2,1.75
"80",2.6,3.3,2.7
"81",1.5,4.33,6.5
"82",5.25,4.2,1.6
"83",1.12,9,15
"84",6,4.33,1.53
"85",2.37,2.9,3.3
"86",3,3.25,2.45
"87",2.6,3.5,2.62
"88",2.7,3.4,2.55
"89",1.12,9,19
"90",1.4,4.4,9
"91",4.6,3.7,1.75
"92",1.5,4,7.5
"93",7,5.75,1.36
"94",1.25,6.5,10
"95",1.7,4.5,4.1
"96",1.33,5.75,8
"97",1.3,5.75,9
"98",1.8,4,4.2
"99",4,3.6,1.9
"100",1.57,4.2,5.25
"101",4.33,4.33,1.7
"102",5.25,4.2,1.61
"103",3,3.4,2.37
"104",2.25,3,3.6
"105",2.3,3.3,3.1
"106",1.61,4,5.5
"107",1.33,4.75,11
"108",2.62,3.3,2.62
"109",2.25,3.25,3.2
"110",2.7,3.5,2.5
"111",2.5,3.3,2.87
"112",2.37,3,3.25
"113",1.28,6,10
"114",2.3,3.5,3
"115",2.5,3.25,2.9
"116",7,4.5,1.44
"117",6.5,3.8,1.57
"118",6.5,4.75,1.44
"119",2.5,3,3.1
"120",4.2,3.4,1.95
"121",2.3,3.1,3.3
"122",1.85,3.5,4.2
"123",2.1,3.6,3.3
"124",2.05,3.9,3.3
"125",1.57,4,6
"126",1.36,4.75,8.5
"127",1.28,5.25,11
"128",5,3.9,1.7
"129",2.6,3.3,2.75
"130",2.7,2.9,2.9
"131",1.5,4.2,7
"132",1.33,5.5,8.5
"133",3.1,2.9,2.55
"134",5.5,4,1.61
"135",5.25,4.75,1.53
"136",3.1,3.3,2.37
"137",1.85,3.6,4.2
"138",2.25,3.3,3.25
"139",2.9,3.4,2.45
"140",2.1,3.5,3.4
"141",1.44,4.33,8
"142",8.5,4.5,1.4
"143",1.7,3.75,5
"144",2,3.2,4.2
"145",8,5.25,1.36
"146",2.3,3.5,3
"147",3.5,3.3,2.15
"148",4.2,3.2,2
"149",2.6,3,2.87
"150",2.05,3.4,3.5
"151",1.14,8,19
"152",5.25,3.8,1.66
"153",2.05,3.5,3.6
"154",2.45,3,3.1
"155",2.05,3.6,3.3
"156",3.4,3.3,2.2
"157",9,5.25,1.33
"158",4.5,3.75,1.75
"159",3.1,3,2.45
"160",3.5,3,2.25
"161",2.3,3.25,3.1
"162",1.3,5.5,10
"163",1.45,4.5,6.5
"164",6.5,4.5,1.45
"165",1.12,9.5,17
"166",1.14,8.5,17
"167",4.5,3.3,1.9
"168",1.14,8.5,17
"169",4.6,3.8,1.75
"170",1.44,4.75,6.5
"171",4.5,3.8,1.75
"172",1.9,3.6,3.8
"173",3.8,3.8,1.9
"174",3.6,3.75,1.95
"175",1.6,4.2,5
"176",5.25,4.2,1.57
"177",3.6,3.6,1.95
"178",2.1,3.1,3.8
"179",1.8,3.4,4.75
"180",1.14,8,17
"181",1.61,4,5.25
"182",3.6,2.9,2.25
"183",2.05,3.4,3.5
"184",2.3,3.3,3.1
"185",1.45,4.75,6
"186",2.37,3.3,2.9
"187",1.53,4,6
"188",2,3.5,3.75
"189",2.05,3.25,3.9
"190",9.5,4.75,1.36
"191",2.15,3.3,3.5
"192",2.1,3.5,3.4
"193",8.5,5,1.33
"194",3.2,3.4,2.25
"195",5.5,4.33,1.53
"196",2.62,3.3,2.62
"197",1.53,4,6
"198",1.95,3,4.5
"199",5,3.8,1.66
"200",2,3.5,3.4
"201",2.62,3.8,2.35
"202",5,3.8,1.66
"203",1.75,3.75,4.2
"204",1.9,3.4,4
"205",1.9,3.4,4.33
"206",2.2,3.25,3.5
"207",1.5,4,7.5
"208",1.22,6.5,11
"209",5.5,4.2,1.55
"210",2,3.75,3.5
"211",1.45,4.5,6.5
"212",1.75,4,4.1
"213",2.5,3.2,2.87
"214",8.5,5,1.36
"215",2.37,3.25,3
"216",5.25,3.75,1.65
"217",1.45,4.33,7
"218",2.87,3.9,2.25
"219",3.3,3.8,2.05
"220",5,4.2,1.61
"221",1.55,4.5,5.5
"222",1.9,3.8,3.8
"223",2.37,3.4,3
"224",1.85,3.8,4
"225",6,4.2,1.55
"226",2.25,3.7,3
"227",3.25,3.5,2.2
"228",1.08,11,26
"229",7.5,5.25,1.36
"230",2.15,3.5,3.3
"231",3,3.6,2.3
"232",2.4,3.6,2.8
"233",3.75,3.5,2
"234",1.61,4.2,5
"235",5.75,4.33,1.53
"236",3.4,3.6,2.05
"237",1.25,6,11
"238",8,5.5,1.33
"239",2.05,3.75,3.4
"240",1.16,7.5,15
"241",4.75,4,1.66
"242",2.4,3.4,2.9
"243",2.3,3.7,2.87
"244",1.53,4.2,5.75
"245",6,4.2,1.53
"246",2,3.6,3.5
"247",4.5,4,1.7
"248",6.5,5,1.4
"249",1.33,5.75,7.5
"250",2.3,3.75,2.75
"251",2.7,4.2,2.2
"252",2.8,3.8,2.3
"253",6.5,4.75,1.44
"254",2.15,4,2.9
"255",1.5,4.5,6
"256",1.5,4.6,5.75
"257",1.9,4.2,3.4
"258",2.25,3,3.75
"259",2.7,3.1,2.8
"260",2.3,3.2,3.3
"261",1.9,3.4,4.33
"262",2.3,3.2,3.3
"263",1.28,5.75,9
"264",2,3.3,3.8
"265",2.2,3.3,3.3
"266",3,3.1,2.45
"267",2.25,3.1,3.4
"268",3.75,3.4,2
"269",1.95,3.2,4.2
"270",3,3.5,2
"271",4.5,3.6,1.83
"272",3.1,3.25,2.37
"273",2.5,3.25,2.9
"274",2.2,3.3,3.4
"275",2.75,3.1,2.75
"276",2.2,3.2,3.5
"277",2.15,3.4,3.4
"278",2.8,3.2,2.6
"279",2.8,3.2,2.6
"280",2.1,3.5,3.5
"281",1.53,3.75,7.5
"282",2.37,3,3.4
"283",2.4,3.3,3
"284",3.3,3.3,2.25
"285",1.9,3.6,4
"286",NA,NA,NA
"287",1.83,3.6,4.33
"288",3.25,3.1,2.37
"289",5,4.33,1.61
"290",3.8,3.3,2.05
"291",1.25,7,9
"292",2,3.3,4
"293",1.1,11,21
"294",1.3,5.5,10
"295",2.6,3.5,2.6
"296",2.3,3.3,3.2
"297",2.6,3.5,2.62
"298",1.6,4.33,5
"299",1.57,4,6
"300",1.95,3.25,4.33
"301",2.2,3.6,3.1
"302",2.35,3.4,3
"303",1.3,5.5,9.5
"304",1.53,4.5,5.5
"305",1.83,3.75,4.2
"306",3.75,3.5,1.95
"307",5.25,4.2,1.61
"308",3,3.3,2.37
"309",7.5,5,1.4
"310",1.65,3.75,5.5
"311",2.55,3,3.1
"312",2.1,3.25,3.75
"313",2.6,3.1,2.87
"314",1.33,5.75,8
"315",2.3,3.1,3.4
"316",3.1,3.6,2.2
"317",2.05,3.1,4.2
"318",1.85,3.6,4.33
"319",4.75,3.8,1.72
"320",2.3,3.2,3.3
"321",2.87,3.5,2.37
"322",1.61,4,5.5
"323",1.95,3.75,3.75
"324",1.3,5.5,9.5
"325",2.7,3.1,2.75
"326",1.57,4.33,5.5
"327",6.5,4.33,1.5
"328",2.25,3.75,2.9
"329",1.66,3.75,5.5
"330",3.5,2.9,2.37
"331",4.75,3.75,1.72
"332",4.75,4.4,1.61
"333",7,4.75,1.44
"334",3,3.5,2.3
"335",1.44,4.5,7.5
"336",3.75,3.25,2.1
"337",2.87,3.1,2.6
"338",5,4,1.66
"339",2.5,3.4,2.8
"340",1.5,4.5,6
"341",4,4,1.8
"342",1.61,3.75,6
"343",3.2,3.3,2.3
"344",11,7.5,1.2
"345",3.2,3.3,2.3
"346",2.3,3.2,3.25
"347",3,3,2.55
"348",1.5,4,7.5
"349",2.8,3,2.7
"350",1.53,4.33,6
"351",2.1,3.25,3.6
"352",2.05,3.3,3.8
"353",4.5,3.6,1.8
"354",1.85,3.5,4.2
"355",2.6,3.3,2.75
"356",5.75,4.2,1.57
"357",13,6,1.22
"358",1.45,4.5,7
"359",1.28,6,9.5
"360",3.6,3.5,2.05
"361",2.7,3,2.8
"362",1.3,5.5,10
"363",3.6,3.6,2
"364",1.95,3.6,3.6
"365",1.45,4.75,6.5
"366",1.53,4.2,5.75
"367",2.45,3.1,3
"368",1.57,3.8,5.75
"369",2.55,3.5,2.55
"370",1.22,6,11
"371",1.4,4.5,7.5
"372",5.75,4.2,1.53
"373",2.05,3.6,3.4
"374",1.61,4,5.25
"375",1.1,9,21
"376",2.35,3,3.4
"377",1.4,4.75,8
"378",1.28,6,9
"379",3.8,4,1.85
"380",2.37,3.7,2.8
"381",1.61,3.9,5.5
"382",1.72,3.75,4.8
"383",1.95,3.5,4.2
"384",1.25,6.5,10
"385",2.25,3.1,3.5
"386",5,4,1.66
"387",2.8,3.2,2.6
"388",2.45,3.25,3
"389",2.4,3.2,3.1
"390",2.7,3.1,2.75
"391",1.25,6.5,10
"392",1.66,3.8,5.5
"393",1.61,4.2,5.25
"394",3.1,3.6,2.2
"395",3.3,3.3,2.25
"396",1.66,3.8,5.25
"397",1.57,4,6
"398",3.1,3.7,2.2
"399",2,3.6,3.7
"400",6,4.5,1.5
"401",1.61,3.75,6
"402",1.85,3.8,4
"403",1.57,4.33,5.25
"404",1.7,3.8,5
"405",1.16,8,15
"406",3.3,2.9,2.37
"407",2.3,3.2,3.3
"408",10,5.5,1.3
"409",2.87,3.1,2.62
"410",5.25,3.8,1.66
"411",3.75,4.2,1.83
"412",2.5,3.8,2.55
"413",5.75,4.5,1.53
"414",2.25,3.5,3.1
"415",4,4.33,1.75
"416",5.5,4.33,1.57
"417",5.5,3.3,1.75
"418",1.45,4.75,6.5
"419",2.3,3.5,3
"420",3.3,3.5,2.15
"421",1.18,7,15
"422",1.44,5,6.5
"423",1.85,3.8,4
"424",4.75,3.8,1.72
"425",2,3.5,3.8
"426",4.75,4,1.66
"427",2.1,3.4,3.6
"428",4.2,3.4,1.9
"429",6.5,5,1.4
"430",2.6,3,3
"431",2.9,3.6,2.3
"432",3.6,3.3,2.15
"433",2.1,3.3,3.7
"434",NA,NA,NA
"435",2.62,3.3,2.7
"436",3.2,3.8,2.1
"437",1.6,4,5.25
"438",1.57,4.33,5.5
"439",1.83,3.8,4.1
"440",2.5,3.25,2.9
"441",1.83,3.6,4.33
"442",2.75,3.25,2.6
"443",2.05,3.2,4
"444",2.25,2.9,3.8
"445",2,3.4,3.9
"446",2.15,3.4,3.4
"447",2.1,3.5,3.4
"448",NA,NA,NA
"449",2.5,3.3,2.87
"450",NA,NA,NA
"451",1.85,3.8,3.8
"452",1.66,4.33,4.5
"453",3.2,3.1,2.4
"454",2.05,3.4,3.5
"455",2.05,3.75,3.3
"456",8,5.25,1.36
"457",1.4,5.5,6.5
"458",1.16,7.5,9
"459",4.75,4.33,1.61
"460",1.4,4.5,7
"461",2.3,3.3,3.1
"462",2,3.6,3.6
"463",2.75,3.1,2.7
"464",1.16,6.5,12
"465",3.25,2.9,2.4
"466",1.45,4.33,7.5
"467",2.37,3.6,2.8
"468",1.55,3.8,6.5
"469",2.87,3.4,2.4
"470",1.06,12,23
"471",1.22,6.5,12
"472",7.5,4.5,1.4
"473",1.65,4,4.75
"474",2,3.6,3.6
"475",2.15,3.5,3.2
"476",1.95,3.3,4
"477",2.37,3.2,3.1
"478",1.85,3.5,4.2
"479",2.75,3.4,2.55
"480",1.65,3.75,5.25
"481",3.6,3.3,2.1
"482",3,3.75,2.2
"483",2.3,2.9,3.5
"484",1.85,3.1,5
"485",1.57,3.75,6
"486",3.5,3.1,2.2
"487",1.65,4,4.75
"488",1.75,3.5,5.25
"489",1.9,3.75,3.8
"490",8,6,1.3
"491",1.72,3.6,4.75
"492",1.33,5,8.5
"493",1.7,4,4.75
"494",1.6,4.2,5.25
"495",2.05,3.6,3.3
"496",2.37,3.25,3
"497",5.75,4,1.6
"498",3.1,3.6,2.15
"499",2.55,2.75,3.3
"500",2,3.2,4.33
"501",9.5,6,1.28
"502",1.33,5.25,9
"503",6.5,4.75,1.44
"504",2,3.75,3.5
"505",7.5,5,1.4
"506",12,8,1.18
"507",1.72,4,4.5
"508",6,4.5,1.5
"509",3,3,2.6
"510",1.9,3.75,3.8
"511",1.33,5.5,8
"512",3,3.6,2.25
"513",5.5,3.3,1.75
"514",1.36,5.25,7.5
"515",1.85,4.2,3.6
"516",6.5,4.75,1.44
"517",7.5,4.75,1.4
"518",4.5,3.9,1.72
"519",2.4,3.25,3
"520",2.45,3.5,2.8
"521",1.45,4.33,7.5
"522",2.25,3.2,3.4
"523",3.2,3.5,2.2
"524",2.45,3.25,3
"525",2.3,3.2,3.25
"526",3.7,3.4,2.05
"527",3.6,3.8,1.9
"528",3.8,3.5,1.95
"529",3,3.2,2.45
"530",1.85,3.6,4.2
"531",2,3.6,3.6
"532",2.62,3.5,2.55
"533",1.53,4.6,5.5
"534",1.75,3.8,4.2
"535",2.25,3.2,3.4
"536",1.61,4,5.5
"537",1.9,3.6,4
"538",3.1,3.1,2.45
"539",2.8,3.25,2.6
"540",9,5.25,1.33
"541",2.4,3.3,3
"542",1.85,4,3.8
"543",2.05,3.5,3.6
"544",1.61,4,5.5
"545",2.5,3.6,2.62
"546",2.35,3.5,2.8
"547",1.85,3.5,4.33
"548",2.37,3.6,2.87
"549",2.15,3.8,3.1
"550",4,3.3,1.95
"551",2.87,3.3,2.45
"552",2,3.6,3.7
"553",2.9,3.5,2.37
"554",2.05,3.3,3.6
"555",2.75,3.5,2.4
"556",2.9,3.5,2.3
"557",2.1,3.4,3.4
"558",1.36,4.75,9
"559",2.55,3.6,2.5
"560",1.83,3.75,4.2
"561",2.87,3.4,2.45
"562",1.4,5,7.5
"563",2.3,3.3,3.1
"564",1.9,3.6,3.75
"565",4,4.33,1.75
"566",1.5,4,7
"567",1.36,5,8.5
"568",3.4,3.6,2
"569",1.4,4.2,10
"570",1.4,5.25,6.5
"571",1.83,3.75,4.2
"572",3.5,3.75,1.95
"573",3.75,3.5,1.95
"574",7,4.33,1.45
"575",2.5,3.1,3
"576",2.3,3.2,3.25
"577",2.6,3.9,2.35
"578",5.75,4.2,1.53
"579",2.1,3.6,3.25
"580",3.2,3.6,2.15
"581",1.95,4.2,3.4
"582",2.2,3.5,3
"583",4.75,4.2,1.65
"584",2.15,3.4,3.4
"585",3.3,2.9,2.37
"586",1.65,4.1,5
"587",1.45,4.5,6.5
"588",6,4.75,1.45
"589",1.4,4.75,7.5
"590",2.1,3.4,3.6
"591",2.37,3.2,3.1
"592",1.75,3.6,4.75
"593",3.1,3.2,2.3
"594",1.95,3.75,3.6
"595",2.4,3,3.25
"596",5.25,4.75,1.5
"597",1.75,3.6,4.75
"598",6.5,4.75,1.45
"599",1.57,4,5.75
"600",4.75,4,1.66
"601",1.1,10,23
"602",5.75,4.6,1.5
"603",1.5,4.5,6
"604",2.3,3.75,2.8
"605",3.8,3.6,1.95
"606",2.15,3.6,3.2
"607",2.87,3.8,2.25
"608",2.1,3.5,3.4
"609",6.5,5.25,1.4
"610",3.8,4,1.85
"611",1.72,3.6,5.25
"612",4,4,1.8
"613",4.5,4.33,1.65
"614",1.28,5.5,10
"615",2.9,3.5,2.37
"616",1.3,5.5,9.5
"617",1.5,4.75,5.5
"618",2.25,3.1,3.5
"619",3.9,3.9,1.85
"620",3.4,3,2.35
"621",3.5,3.4,2.15
"622",2.05,3.5,3.6
"623",1.85,3.5,4.5
"624",3,3.25,2.4
"625",1.33,5.75,8
"626",1.5,4.75,5.75
"627",2.5,3.5,2.7
"628",3.2,3.8,2.1
"629",2.05,3.6,3.4
"630",4,3.8,1.85
"631",5,4.2,1.61
"632",3,3.75,2.2
"633",2.7,3.4,2.6
"634",1.8,3.75,4.33
"635",2.1,3.2,3.8
"636",1.85,4,3.8
"637",2.3,3.5,3
"638",2.7,3.2,2.8
"639",1.6,3.8,6
"640",2.75,3.1,2.75
"641",2.2,3.3,3.4
"642",2.3,3.25,3.25
"643",1.9,3.5,4
"644",1.8,3.6,4.33
"645",2.55,3.3,2.8
"646",3.2,3.2,2.3
"647",2.05,3.25,3.75
"648",5.5,4.2,1.57
"649",3.2,3,2.45
"650",4.33,4.1,1.72
"651",2.37,3.5,2.9
"652",1.2,7,13
"653",1.2,7,13
"654",9,6.25,1.28
"655",2.5,3.4,2.7
"656",1.16,7.5,16
"657",4.75,3.8,1.72
"658",2.05,3.4,3.5
"659",7.5,4.75,1.4
"660",1.33,5.25,9
"661",4,3.3,2
"662",1.95,3.8,3.6
"663",1.36,5.25,7.5
"664",1.33,5.25,9
"665",1.12,8.5,17
"666",2.6,3.2,2.8
"667",1.66,4,4.75
"668",1.4,4.75,7
"669",1.25,6,11
"670",2.15,3.25,3.5
"671",3.25,3.4,2.1
"672",2.2,3.2,3.3
"673",1.33,4.75,9
"674",4,3.5,1.95
"675",1.7,3.8,5
"676",1.66,4,4.75
"677",1.72,4,4.5
"678",2.8,2.9,2.8
"679",1.75,3.6,4.5
"680",2.05,3.5,3.6
"681",3.25,3.8,2.05
"682",2.15,3.4,3.4
"683",2,3.5,3.75
"684",2.05,3.4,3.75
"685",2.1,3.8,3.1
"686",2.1,3.6,3.4
"687",4.75,3.6,1.72
"688",1.5,4.33,6.5
"689",2.5,3.5,2.75
"690",2.62,3.5,2.62
"691",1.75,3.75,4.5
"692",2.25,3.6,3
"693",2.5,3.5,2.75
"694",2.05,3.25,3.8
"695",5.25,3.8,1.66
"696",4,3.5,1.9
"697",2.9,3.1,2.55
"698",5,3.9,1.66
"699",2.87,3.5,2.4
"700",3.6,3.6,2
"701",3.5,4,1.95
"702",3.6,3.75,1.95
"703",1.1,11,19
"704",2.5,3.5,2.7
"705",2,3.5,3.8
"706",1.4,5,7
"707",1.36,5.75,7
"708",1.4,4.33,9.5
"709",3.6,3.6,2
"710",1.45,4.75,6.5
"711",8.5,5,1.36
"712",6.5,4.75,1.44
"713",1.5,4.5,6
"714",1.95,3.6,3.75
"715",2.3,3.75,2.87
"716",2.87,3.2,2.55
"717",2.3,3.1,3.4
"718",1.85,3.6,4.2
"719",3,3.4,2.37
"720",2.05,3.5,3.6
"721",2.15,3.3,3.5
"722",2.1,3.6,3.4
"723",1.66,4.33,4.5
"724",3.8,3.5,1.95
"725",2.8,3.5,2.45
"726",2.62,3.3,2.7
"727",2.5,3.4,2.8
"728",1.95,3.6,3.8
"729",6.5,4.33,1.5
"730",7.5,5.25,1.36
"731",1.3,5.5,9.5
"732",1.5,4.33,6.5
"733",4.5,4,1.72
"734",4.75,3.5,1.8
"735",5.75,4.33,1.55
"736",1.83,4.2,3.8
"737",2.45,3.1,3.1
"738",2.45,3.4,2.9
"739",1.72,4,4.5
"740",2.3,3.6,2.8
"741",1.65,4.2,4.75
"742",2.5,3.1,3
"743",2.37,3.4,2.9
"744",2.15,3.7,3.1
"745",2.25,3.25,3.25
"746",3.25,3.1,2.35
"747",2.5,3.5,2.7
"748",1.5,4.5,6
"749",1.9,4,3.6
"750",1.75,3.8,4.5
"751",2.37,3.6,2.87
"752",1.36,5,8.5
"753",2.45,3.2,3
"754",3.75,3.2,2.1
"755",2.75,3.5,2.4
"756",2.9,3.25,2.5
"757",8.5,6,1.28
"758",2.2,3.2,3.5
"759",4.33,4.2,1.72
"760",1.65,4,5
"761",2.3,3.3,3.1
"762",2.5,3.2,2.87
"763",4.33,4.2,1.7
"764",7.5,5.25,1.36
"765",2.9,3.3,2.37
"766",1.7,3.75,5
"767",1.6,3.75,6
"768",2.15,3.5,3.25
"769",2,3.25,3.9
"770",2.05,3.4,3.5
"771",1.72,3.75,4.5
"772",1.66,4.33,4.5
"773",3.5,3.8,2
"774",1.4,5,7.5
"775",4.5,3.9,1.72
"776",1.9,3.75,3.8
"777",3.1,3.5,2.25
"778",1.7,3.5,5.25
"779",9,5.5,1.3
"780",1.75,4.33,4
"781",9,5.25,1.33
"782",3.4,3.1,2.3
"783",1.53,4.2,6.25
"784",2,3.5,3.8
"785",1.3,5.75,9
"786",1.22,7,11
"787",1.57,4.75,4.5
"788",1.72,3.6,5.25
"789",2.62,3.8,2.45
"790",1.6,3.9,5.75
"791",5.25,3.8,1.66
"792",1.72,4,4.5
"793",2.05,3.6,3.4
"794",5.5,5,1.5
"795",4.5,3.8,1.75
"796",1.09,11,21
"797",1.53,4.33,5.75
"798",2.9,3.5,2.3
"799",1.85,3.9,3.9
"800",2.15,3.5,3.3
"801",6.5,4.33,1.5
"802",1.65,4,5
"803",3.4,3.5,2.1
"804",2.37,3.25,3.1
"805",2.25,3.5,3.1
"806",1.75,4,4.33
"807",2.15,3.6,3.25
"808",2.2,3.5,3.2
"809",1.6,4.5,5
"810",2.87,3.3,2.5
"811",1.75,3.8,4.5
"812",2.05,3.4,3.6
"813",1.33,5.5,8.5
"814",2.87,3.3,2.5
"815",5,4.2,1.61
"816",4.5,4.5,1.6
"817",2.15,3.4,3.4
"818",1.33,5.25,9
"819",1.65,4.2,4.75
"820",1.12,9,19
"821",2.4,3.4,2.87
"822",2.4,3.5,2.87
"823",7.5,4.75,1.4
"824",2.3,3.4,3.1
"825",3.1,3.5,2.2
"826",2.15,3.5,3.2
"827",1.75,3.8,4.5
"828",7,4.6,1.44
"829",1.4,5,6.5
"830",4.75,4,1.65
"831",1.9,3.3,4.33
"832",6.5,4.33,1.5
"833",1.2,6,19
"834",2.1,3.5,3.4
"835",3.8,3.75,1.95
"836",1.9,4.2,3.5
"837",2.37,3.5,2.9
"838",1.28,5.75,9.5
"839",2.15,3.4,3.4
"840",7,4.5,1.44
"841",1.3,6,8.5
"842",3,3.4,2.37
"843",1.83,3.7,4.33
"844",4,4.2,1.83
"845",3.4,3.4,2.15
"846",3.6,3.4,2.1
"847",2.45,3.5,2.8
"848",1.75,3.6,5
"849",8.5,5.25,1.33
"850",1.53,3.75,7.5
"851",6.5,4,1.55
"852",2.5,3.25,2.9
"853",2.6,3.5,2.6
"854",3,3.5,2.3
"855",1.65,3.75,5.5
"856",1.7,4,4.75
"857",6.5,4.33,1.5
"858",2.2,3.3,3.25
"859",2.4,3.4,3
"860",1.55,4,6.5
"861",2.3,3.4,3.1
"862",3,3.4,2.37
"863",1.22,6.5,12
"864",3.6,4,1.9
"865",2.05,3.5,3.6
"866",2.5,3.5,2.7
"867",2.45,3.4,2.87
"868",3.8,3.6,1.95
"869",1.66,4.33,4.5
"870",2.25,3.6,3
"871",2.25,3.75,2.9
"872",3.3,2.9,2.45
"873",3.6,3.8,1.95
"874",2.87,3.4,2.45
"875",6.5,4.2,1.5
"876",4,3.8,1.85
"877",3.5,3.25,2.2
"878",1.44,5,6.25
"879",3.3,3,2.37
"880",3.75,3.4,2
"881",2.62,3.4,2.62
"882",2.62,3.4,2.6
"883",3.3,3.2,2.25
"884",1.3,5.5,9
"885",7,5.4,1.36
"886",2,3.4,3.8
"887",2.75,3,2.8
"888",6,4,1.57
"889",2.15,3.3,3.4
"890",1.95,3.8,3.6
"891",2.55,3.3,2.7
"892",1.83,3.6,4.2
"893",1.55,3.8,6.5
"894",1.33,5.25,9
"895",2.75,2.87,2.9
"896",1.9,3.5,4.1
"897",2.9,3.2,2.45
"898",1.25,6,10
"899",1.61,4.2,5.5
"900",3.4,3.2,2.2
"901",1.28,5.75,9
"902",2.2,3.75,3
"903",5,4.2,1.61
"904",1.36,5.25,8
"905",1.28,5.75,10
"906",2.6,3.6,2.6
"907",2.15,3.5,3.3
"908",1.85,3.4,4.5
"909",2.9,3.6,2.3
"910",1.9,3.75,3.8
"911",3.2,3.3,2.3
"912",4,3.6,1.9
"913",1.11,10,19
"914",4.2,3.6,1.85
"915",1.72,4,4.33
"916",2.3,3.4,3.1
"917",1.11,10,19
"918",3.6,3.25,2.15
"919",3.75,3.5,2
"920",1.61,4.2,5
"921",2.25,3.3,3.25
"922",3.25,3.5,2.2
"923",2.37,3.1,3.25
"924",2.1,3.6,3.4
"925",3.6,3.6,2
"926",1.28,5.75,9.5
"927",1.53,4.2,6.25
"928",2.87,2.9,2.75
"929",2.4,3.4,2.9
"930",2.2,3.3,3.4
"931",1.44,4.2,8.5
"932",1.75,3.75,4.6
"933",12,6,1.25
"934",10,6.5,1.25
"935",3,3.2,2.5
"936",2.35,3.25,3.1
"937",2.1,3.5,3.5
"938",1.72,4.2,4.2
"939",1.75,4.1,4.2
"940",1.65,3.8,5.5
"941",3.9,3.5,1.95
"942",1.95,3.5,3.9
"943",5.75,4.33,1.53
"944",2.35,3.4,3
"945",3.2,3.6,2.1
"946",2,3.8,3.3
"947",2.9,3.3,2.37
"948",1.65,4,4.8
"949",3.8,4,1.8
"950",1.95,3.1,4.5
"951",1.44,4.75,6.5
"952",2.62,3.25,2.75
"953",5.75,4,1.57
"954",5.25,4.2,1.61
"955",7,3.75,1.53
"956",3,3.7,2.2
"957",1.55,4.2,5.75
"958",1.12,9,19
"959",1.5,3.8,8
"960",2.37,3,3.3
"961",1.53,4,6.5
"962",6.5,4.75,1.44
"963",1.2,7,12
"964",1.5,4.5,5.5
"965",7,4.33,1.45
"966",2.1,3.4,3.4
"967",5.25,4,1.61
"968",2.75,3.2,2.6
"969",1.45,4.75,6
"970",2.9,3.4,2.37
"971",5.25,4.2,1.57
"972",1.4,4.5,7.5
"973",2,3.4,3.75
"974",5,4.33,1.61
"975",4.2,3.6,1.83
"976",2.15,3.75,3
"977",1.53,3.8,6
"978",4.33,4,1.72
"979",2.62,3,2.87
"980",3.75,3.4,2
"981",1.57,3.6,6.5
"982",1.4,5,6.5
"983",2.1,3.25,3.6
"984",1.8,3.5,4.5
"985",8,5,1.36
"986",2.4,3.4,2.87
"987",1.25,6.5,10
"988",2.6,3.3,2.62
"989",7,5,1.4
"990",1.72,3.8,4.2
"991",6,4.2,1.5
"992",1.75,3.6,4.75
"993",2.5,3.3,2.75
"994",1.2,7,15
"995",3.1,3.4,2.25
"996",4.75,4.75,1.57
"997",3.4,3.3,2.2
"998",1.44,4.75,6.5
"999",1.9,3.6,3.8
"1000",3.5,3.8,1.95
"1001",4.5,4,1.72
"1002",2.9,3.3,2.45
"1003",2.2,3.5,3.2
"1004",2.2,3.1,3.6
"1005",6.5,5.25,1.4
"1006",6.5,4.75,1.45
"1007",4.2,3.5,1.85
"1008",2,3.4,3.8
"1009",2.25,3.3,3.2
"1010",2.55,3.2,2.9
"1011",1.7,3.75,5
"1012",1.95,3.6,3.75
"1013",8,4.2,1.44
"1014",1.14,8.5,17
"1015",2.87,3,2.7
"1016",3.3,3.6,2.1
"1017",7,4.75,1.4
"1018",3,3.4,2.35
"1019",1.61,3.9,5.5
"1020",2.87,3.6,2.37
"1021",3.25,3.6,2.1
"1022",4,3.75,1.85
"1023",2.25,3.4,3.2
"1024",2.7,2.9,3
"1025",2.37,3.25,3.1
"1026",5.5,4.2,1.57
"1027",4,3.8,1.85
"1028",1.75,3.75,4.6
"1029",1.75,3.9,4.33
"1030",1.3,5.5,9.5
"1031",4.33,2.9,2.1
"1032",2.8,3.3,2.55
"1033",3.1,3.4,2.3
"1034",2.3,3.1,3.4
"1035",1.9,3.2,4.5
"1036",2.45,3.1,3.1
"1037",7,4.5,1.45
"1038",2.45,3.1,3.1
"1039",1.14,8.5,16
"1040",1.36,5,8.5
"1041",1.53,4,6.5
"1042",3.3,3.5,2.2
"1043",3.4,3.75,2.1
"1044",2.8,3.6,2.37
"1045",1.2,7,13
"1046",3.25,3.4,2.25
"1047",1.66,4,5
"1048",2.15,3.3,3.5
"1049",3.6,3.6,2
"1050",3,3.5,2.3
"1051",1.4,4.75,7.5
"1052",9,5,1.33
"1053",1.6,3.5,7
"1054",2.1,3.5,3.4
"1055",1.8,3.5,4.75
"1056",6.5,4.33,1.5
"1057",1.8,3.75,4.5
"1058",2.3,3.3,3.1
"1059",2,3.5,3.75
"1060",2.9,3.3,2.5
"1061",1.22,7.5,11
"1062",1.5,4.33,6.5
"1063",3.4,3.4,2.15
"1064",1.95,3.3,4.2
"1065",2.62,3.2,2.87
"1066",2.3,3.3,3.2
"1067",1.6,4,6
"1068",1.28,5.75,11
"1069",6.25,3.75,1.6
"1070",1.95,3.8,3.6
"1071",1.14,8.5,17
"1072",1.53,4.33,5.75
"1073",2.75,3.5,2.4
"1074",1.66,4.3,4.5
"1075",1.2,7,13
"1076",2.4,3.5,2.8
"1077",1.4,4.5,8
"1078",5.75,4.75,1.5
"1079",1.57,4.2,5.75
"1080",3.1,3.8,2.15
"1081",2.25,3.5,3.1
"1082",4,4,1.8
"1083",2.9,3.1,2.55
"1084",1.83,3.4,4.6
"1085",5.5,3.6,1.66
"1086",1.57,4.2,5.5
"1087",2.87,3.4,2.45
"1088",2.55,3.3,2.75
"1089",13,7,1.2
"1090",4.33,3.9,1.75
"1091",2.9,3.5,2.37
"1092",1.5,4.33,7
"1093",1.9,3.25,4.5
"1094",2.1,3.5,3.4
"1095",1.5,4,7
"1096",2,3.4,3.8
"1097",1.22,6.5,12
"1098",6,4.33,1.53
"1099",4.33,3.9,1.75
"1100",2.05,3.5,3.5
"1101",6.5,3.4,1.66
"1102",1.18,7.5,15
"1103",3.3,3.75,2.1
"1104",1.95,3.4,4
"1105",1.14,8,17
"1106",2.8,3.2,2.6
"1107",3.75,3.4,2.05
"1108",2.05,3.6,3.5
"1109",4.75,3.8,1.75
"1110",2.62,3.75,2.5
"1111",7.5,5,1.36
"1112",2.1,3.5,3.6
"1113",4.33,3.75,1.8
"1114",1.45,4.2,8
"1115",1.8,3.75,4.33
"1116",5.5,4.33,1.55
"1117",2.05,3.2,4
"1118",1.72,4,4.5
"1119",1.45,4.75,6.5
"1120",1.44,5,6.2
"1121",2.62,3.8,2.45
"1122",6,4,1.57
"1123",1.61,4,5.25
"1124",16,8.5,1.14
"1125",1.75,3.75,4.5
"1126",2.5,3.1,3
"1127",8,5.25,1.36
"1128",2.05,3.4,3.75
"1129",1.4,4.75,8
"1130",2.37,3.1,3.25
"1131",3.75,3.5,2
"1132",2.37,3.1,3.25
"1133",2.37,3.5,2.9
"1134",2.8,3,2.75
"1135",8,4.75,1.4
"1136",1.4,5,7
"1137",2.25,3.5,3.1
"1138",5,3.9,1.66
"1139",1.7,4,4.75
"1140",3,3.4,2.4
"1141",2.3,3,3.6
"1142",2.25,3.1,3.4
"1143",3.1,3.25,2.37
"1144",3.9,3.8,1.85
"1145",3.5,3.6,2.05
"1146",15,7.5,1.18
"1147",3.8,3.5,1.95
"1148",1.6,4.2,5.25
"1149",2.05,3.4,3.75
"1150",2.8,3.3,2.55
"1151",1.25,6,11
"1152",3.2,3.6,2.2
"1153",1.61,4,5
"1154",2.7,3.25,2.62
"1155",2.2,3.1,3.6
"1156",1.28,5.75,9
"1157",1.2,8,11
"1158",1.25,6.5,9
"1159",1.75,3.8,4.5
"1160",3.2,3.4,2.25
"1161",1.9,3.5,4
"1162",1.9,3.6,4
"1163",4,3.25,2
"1164",1.33,5.5,8
"1165",1.66,3.75,5.5
"1166",2.4,3.2,3.1
"1167",2.8,3.3,2.5
"1168",1.55,4,6.5
"1169",2.87,3.2,2.55
"1170",1.12,9,18
"1171",3.3,3.2,2.3
"1172",2.8,3.5,2.45
"1173",2.8,3.6,2.37
"1174",4,3.8,1.85
"1175",7,4.5,1.45
"1176",1.22,6.5,12
"1177",2.25,3.4,3.2
"1178",1.85,3.8,4
"1179",1.9,3.2,4.5
"1180",9,4,1.44
"1181",2.7,3.3,2.62
"1182",1.36,5.25,7.5
"1183",2.15,3.4,3.4
"1184",1.66,3.75,5.5
"1185",2.1,3.4,3.5
"1186",2,3.3,3.8
"1187",13,8.5,1.14
"1188",1.36,4.75,10
"1189",4.33,4,1.75
"1190",1.33,5,9.5
"1191",1.8,4,4.2
"1192",4.33,4,1.75
"1193",3.2,3.4,2.25
"1194",3.75,3.2,2.1
"1195",1.7,4.2,4.33
"1196",3,3.5,2.3
"1197",2.9,3.3,2.45
"1198",1.3,5.5,10
"1199",1.65,3.9,5.25
"1200",1.8,3.6,4.33
"1201",2,3.3,4
"1202",3.6,3.3,2.1
"1203",1.4,4.75,7
"1204",2.8,3.2,2.6
"1205",2.15,3.4,3.4
"1206",4,3.2,2.05
"1207",2.55,3.2,2.9
"1208",2.6,3,3
"1209",1.57,4.2,5.5
"1210",9,5.25,1.33
"1211",2.37,3.25,3.1
"1212",1.45,4.75,6.5
"1213",1.05,15,23
"1214",2.05,3.2,4
"1215",13,7,1.2
"1216",4,3.5,1.9
"1217",2.5,3.5,2.7
"1218",2.2,3.4,3.25
"1219",1.33,5.25,9
"1220",3.5,3.4,2.1
"1221",7,5.75,1.36
"1222",2.6,3,3
"1223",6.5,4.2,1.5
"1224",4.75,3.6,1.75
"1225",2,3.75,3.5
"1226",5.25,4.33,1.57
"1227",3.3,3.4,2.2
"1228",9,5.75,1.3
"1229",1.45,4.5,6.5
"1230",2.9,3.8,2.25
"1231",2.2,3.3,3.4
"1232",7,4.5,1.44
"1233",6.5,3.8,1.53
"1234",1.72,3.6,4.75
"1235",1.45,4.2,8
"1236",2.15,3.2,3.6
"1237",2.55,3,3
"1238",5.75,4.6,1.5
"1239",2.5,3.2,2.9
"1240",1.45,4.5,7
"1241",2.7,3.2,2.7
"1242",2.5,3.25,2.9
"1243",1.66,4,5
"1244",7,5,1.4
"1245",2.7,3.2,2.7
"1246",2.05,3.25,3.8
"1247",4.5,3.5,1.8
"1248",7.5,5,1.4
"1249",2.62,3.5,2.6
"1250",3.6,3.1,2.2
"1251",3,3.3,2.4
"1252",3.6,3.5,2.05
"1253",1.53,4.2,6
"1254",1.45,4.5,7
"1255",3.5,3.4,2.1
"1256",3.4,3.6,2.05
"1257",7,4.5,1.45
"1258",1.4,5,7
"1259",1.8,3.8,4.33
"1260",1.72,4,4.33
"1261",5,3.9,1.66
"1262",3,3.25,2.4
"1263",1.22,6.5,13
"1264",2.3,3.1,3.3
"1265",3.2,3.3,2.3
"1266",1.36,5,8
"1267",1.6,3.6,6.5
"1268",1.8,3.8,4.2
"1269",1.53,4,6.5
"1270",1.22,6.5,11
"1271",1.45,4.2,8
"1272",1.8,3.6,4.33
"1273",1.4,5,6.5
"1274",1.45,4.8,6.25
"1275",2.15,3.6,3.1
"1276",2.8,3.3,2.45
"1277",1.75,3.6,5
"1278",5,3.3,1.8
"1279",1.5,3.9,7.5
"1280",1.95,3.3,4.2
"1281",1.28,6,9
"1282",1.16,8,13
"1283",3,3,2.55
"1284",1.36,5,8.5
"1285",3.5,3.4,2.1
"1286",2.37,3.1,3.2
"1287",1.28,5.75,9.5
"1288",2.7,3.5,2.5
"1289",1.9,3.4,4.2
"1290",3.8,3.6,1.95
"1291",6.75,4.6,1.45
"1292",1.45,4.5,7
"1293",2.37,3.5,2.9
"1294",3.75,3.25,2.1
"1295",1.4,4.75,8
"1296",2.25,3.2,3.4
"1297",1.9,3.4,4.2
"1298",1.36,5,8
"1299",2.25,3,3.6
"1300",2.45,3.4,2.8
"1301",3,3.1,2.5
"1302",1.85,3.4,4.33
"1303",1.5,4,7
"1304",2.6,3.3,2.75
"1305",2.37,3.2,3.1
"1306",10,5.5,1.3
"1307",1.83,3.8,4
"1308",1.85,3.6,4.2
"1309",1.72,3.8,4.75
"1310",6.5,4.75,1.44
"1311",2.87,3.4,2.45
"1312",3.7,3.8,1.9
"1313",1.75,3.9,4.5
"1314",4,3.1,2.05
"1315",1.66,3.75,5.25
"1316",1.22,6.5,12
"1317",2,3.3,4
"1318",4.75,3.4,1.8
"1319",2.25,3.4,3.2
"1320",2.75,3.2,2.7
"1321",8.5,5.5,1.33
"1322",5.5,3.75,1.65
"1323",2.05,3.1,4.1
"1324",6,4.5,1.5
"1325",2.37,3.3,3
"1326",2,3.4,3.8
"1327",2.87,3.3,2.45
"1328",1.61,4,5.25
"1329",3.5,3.6,2.05
"1330",4,4.33,1.75
"1331",2.4,3.2,3.1
"1332",9,5.75,1.3
"1333",3.6,3.25,2.15
"1334",1.53,4,7
"1335",2.45,3.2,3
"1336",5.5,4.2,1.57
"1337",2.15,3,3.9
"1338",2.8,3.2,2.5
"1339",5,3.8,1.7
"1340",2,3.3,4
"1341",1.44,4.5,7
"1342",2.15,3.2,3.6
"1343",1.61,4.2,5
"1344",2.7,3.1,2.8
"1345",2.3,3.4,3.1
"1346",5.5,4,1.61
"1347",5.25,3.9,1.65
"1348",2.05,3.6,3.5
"1349",1.16,8,13
"1350",2.87,3.3,2.45
"1351",2.25,3.2,3.4
"1352",3.1,3.4,2.3
"1353",4.2,3.4,1.95
"1354",1.61,4.33,4.75
"1355",2.62,3.4,2.7
"1356",2.87,3.5,2.4
"1357",6.5,4.33,1.5
"1358",1.28,5.5,10
"1359",3.6,3.3,2.1
"1360",3.6,3.6,2
"1361",1.83,3.8,4
"1362",5.5,4.5,1.53
"1363",1.66,3.75,5.5
"1364",2.15,3.3,3.5
"1365",2.45,3.2,3
"1366",4,3.3,2
"1367",1.5,4.2,6.5
"1368",2.37,3.3,3.1
"1369",1.7,3.5,5.5
"1370",1.16,8,15
"1371",2.25,3.5,3.1
"1372",1.12,9,19
"1373",2.8,3.4,2.37
"1374",4.33,3.8,1.75
"1375",3.3,3.25,2.25
"1376",1.83,3.4,4.75
"1377",1.16,7.5,15
"1378",1.18,7,15
"1379",1.45,4.5,6.5
"1380",1.7,4,4.75
"1381",1.6,4.2,5.25
"1382",2.15,3.3,3.5
"1383",3.2,3.5,2.2
"1384",2.62,2.9,3
"1385",2.5,3,3.1
"1386",2.37,3.1,3.1
"1387",15,7,1.18
"1388",1.22,6.5,12
"1389",4.2,3.3,1.95
"1390",2.15,3.6,3.2
"1391",3.5,3.2,2.2
"1392",2.37,3.2,3.2
"1393",3.5,3.6,2.05
"1394",6,4.2,1.53
"1395",2.37,3.5,2.9
"1396",2,3.6,3.6
"1397",1.8,3.6,4.5
"1398",1.75,3.75,4.5
"1399",3.8,3.3,2.05
"1400",2.1,3.1,4
"1401",3.2,3.1,2.45
"1402",1.44,4.75,6.5
"1403",2.87,3,2.7
"1404",3,3.2,2.45
"1405",3.2,3.3,2.3
"1406",2.8,3.1,2.7
"1407",1.75,3.6,4.75
"1408",5,4,1.65
"1409",3.5,3.2,2.2
"1410",2.5,3.4,2.8
"1411",1.53,4,6.5
"1412",2.15,3.4,3.4
"1413",8,5,1.36
"1414",5,4,1.61
"1415",3.3,3.6,2.1
"1416",1.18,7,15
"1417",2.37,3.25,3.1
"1418",1.4,4.75,7.5
"1419",2.25,3.5,3.1
"1420",1.83,4,4
"1421",2.15,3.5,3.3
"1422",1.18,7,15
"1423",1.25,6,12
"1424",1.7,4.2,4.75
"1425",1.57,4,6
"1426",2.4,3.1,3.1
"1427",1.7,3.8,5
"1428",2.8,3.3,2.55
"1429",4,3.6,1.9
"1430",7.5,4.75,1.4
"1431",1.72,3.5,5.5
"1432",2,3.4,3.8
"1433",2.45,3,3.2
"1434",4,3.25,2
"1435",3.75,3.4,2.05
"1436",8,4.75,1.4
"1437",3.6,3.5,2.05
"1438",1.8,3.6,4.5
"1439",1.16,7.5,15
"1440",3.25,3.3,2.3
"1441",2.5,3.25,2.87
"1442",3.6,3.5,2
"1443",3,3.2,2.45
"1444",4,3.6,1.9
"1445",4.33,3.6,1.83
"1446",2.25,3.6,3
"1447",11,6,1.25
"1448",3.6,3.6,2
"1449",4,3.4,1.95
"1450",2.55,3.6,2.6
"1451",1.95,3.75,3.75
"1452",5,4,1.66
"1453",1.9,3.5,4.1
"1454",2.9,3.4,2.4
"1455",1.65,4.5,4.5
"1456",3,2.8,2.7
"1457",6.5,3.6,1.6
"1458",3.25,3.2,2.3
"1459",5.75,4.5,1.5
"1460",5.5,4,1.61
"1461",3.6,3.5,2
"1462",2.37,3.25,3.1
"1463",2.55,3.25,2.8
"1464",2.1,3.5,3.4
"1465",2.4,3.3,2.9
"1466",1.85,3.75,4
"1467",2.9,3.25,2.5
"1468",4,3.5,1.9
"1469",3,3.3,2.4
"1470",2.55,3.25,2.8
"1471",1.44,4.33,7.5
"1472",1.57,4,5.75
"1473",2.37,3.2,3.1
"1474",1.36,5,8.5
"1475",1.45,4.5,7
"1476",1.45,4.5,7
"1477",1.5,4.2,6.5
"1478",3.6,3.4,2.05
"1479",1.9,3.5,4.1
"1480",3.6,3.3,2.1
"1481",2.35,3.4,3
"1482",1.53,4.2,6
"1483",1.72,3.8,4.75
"1484",1.53,4,6.5
"1485",2.05,3.6,3.5
"1486",2.05,3.6,3.4
"1487",3.3,3.3,2.2
"1488",1.8,3.3,5.25
"1489",2.9,3,2.62
"1490",1.18,7.5,15
"1491",4,3.8,1.85
"1492",2.25,3.4,3.2
"1493",7.5,4.5,1.4
"1494",3.8,3.3,2.05
"1495",1.25,6.5,10
"1496",1.28,5.75,9.5
"1497",2.2,3.1,3.6
"1498",1.5,4.5,6
"1499",1.83,3.5,4.5
"1500",4.75,3.1,1.9
"1501",2.55,3.5,2.62
"1502",1.9,3.5,4.2
"1503",10,6.5,1.25
"1504",1.33,5.25,9
"1505",2.15,3.1,3.8
"1506",1.18,7,15
"1507",2.5,3.2,3
"1508",2,3.25,4.2
"1509",4.75,4,1.7
"1510",2.15,3.2,3.6
"1511",10,5,1.33
"1512",2.37,3.25,3.1
"1513",3.4,3.25,2.2
"1514",3.2,3,2.45
"1515",1.36,4.75,9
"1516",1.8,3.8,4.2
"1517",2.45,3.6,2.7
"1518",2.7,3.2,2.7
"1519",5.5,4.2,1.57
"1520",2.9,3.4,2.4
"1521",2,3.4,3.75
"1522",3.25,3.6,2.15
"1523",3.6,3.5,2.05
"1524",1.85,3.4,4.5
"1525",2.55,3.2,2.87
"1526",2.1,3.3,3.6
"1527",2.4,3.2,3.1
"1528",1.18,7,17
"1529",2.9,3.1,2.5
"1530",1.5,4.2,6.5
"1531",2.55,3.4,2.75
"1532",1.83,3.6,4.33
"1533",2.25,3.4,3.2
"1534",5.5,3.75,1.65
"1535",8,5,1.36
"1536",6,4,1.55
"1537",2.55,3.3,2.8
"1538",1.18,7.5,13
"1539",4.75,3.75,1.72
"1540",1.4,4.5,8
"1541",2.45,3.4,2.8
"1542",9,4.75,1.33
"1543",2.55,3.1,2.9
"1544",1.72,3.8,4.5
"1545",4.5,3.6,1.75
"1546",2.37,3.4,3
"1547",1.2,7,11
"1548",8,4.75,1.4
"1549",1.85,4,3.8
"1550",4.5,3.6,1.8
"1551",7.5,4.5,1.44
"1552",1.75,3.6,4.75
"1553",4.33,4,1.72
"1554",2.45,3.2,3
"1555",4.33,3.5,1.83
"1556",3.3,3.2,2.3
"1557",3,3.3,2.4
"1558",1.66,3.5,6
"1559",3.5,3.6,2.05
"1560",2.7,3.1,2.8
"1561",1.9,3.75,3.8
"1562",3.4,3.6,2.05
"1563",1.95,3.4,4
"1564",1.83,3.25,4.75
"1565",2,3.5,3.75
"1566",1.44,4.2,7.5
"1567",1.36,4.5,10
"1568",3.6,3.8,1.95
"1569",2.62,3.4,2.6
"1570",2.5,3.25,2.9
"1571",3.6,3.3,2.1
"1572",2.1,3.2,3.75
"1573",2.3,3.1,3.3
"1574",1.3,5,11
"1575",2.9,3.75,2.25
"1576",2.8,3.5,2.45
"1577",2.9,3.3,2.45
"1578",5,4,1.65
"1579",1.18,7,15
"1580",2.37,3.3,3
"1581",3.6,3.25,2.15
"1582",3.6,3.4,2.1
"1583",2.6,3.5,2.62
"1584",2.37,3.3,3
"1585",3.6,3.8,1.9
"1586",1.22,6.5,12
"1587",1.72,4.2,4.2
"1588",1.72,3.6,4.75
"1589",1.5,4.33,6
"1590",2.7,3.8,2.37
"1591",1.75,4,4.1
"1592",3.8,3.3,2.05
"1593",1.33,5.5,8
"1594",2.55,2.8,3.2
"1595",1.44,4.5,7
"1596",1.72,3.8,4.75
"1597",4,4,1.83
"1598",1.22,6,15
"1599",1.5,4.33,6.5
"1600",6,4.2,1.53
"1601",3.1,3.7,2.15
"1602",1.5,4.33,6.5
"1603",1.4,4.5,8
"1604",2.62,3.3,2.7
"1605",2.5,3.3,2.8
"1606",3.3,3,2.37
"1607",1.4,4.75,7
"1608",1.22,6,14
"1609",4.5,4.5,1.61
"1610",6,4.5,1.5
"1611",7.5,4.5,1.44
"1612",1.9,3.6,4
"1613",2.4,3.3,2.87
"1614",3,3.2,2.5
"1615",4.33,3.75,1.8
"1616",3.1,3.1,2.45
"1617",2.9,3,2.7
"1618",2.62,3.2,2.75
"1619",2.7,3.2,2.6
"1620",2.3,3.5,3
"1621",2.37,3.3,2.87
"1622",3.8,3.2,2.1
"1623",3.25,3.4,2.15
"1624",1.5,4,7.5
"1625",2.05,3.3,3.8
"1626",5.5,4,1.6
"1627",2.25,3.3,3.3
"1628",1.61,4,5.5
"1629",1.12,9,19
"1630",1.75,3.5,5
"1631",2.87,3.2,2.55
"1632",2.1,3.3,3.6
"1633",1.33,5.25,9
"1634",1.95,3.6,3.8
"1635",2.87,3.3,2.45
"1636",2,3.2,4.1
"1637",6,3.7,1.61
"1638",2.5,3,3.1
"1639",1.44,4.75,6.5
"1640",2.37,3.5,2.9
"1641",3.2,3.5,2.2
"1642",8,4.75,1.4
"1643",4,3.8,1.83
"1644",1.9,3.1,4.5
"1645",1.9,3.3,4.4
"1646",2.2,3.5,3.1
"1647",2.8,3.8,2.3
"1648",4.33,4,1.75
"1649",2.55,3.4,2.62
"1650",1.28,5.75,10
"1651",1.5,4.33,6.5
"1652",7,3.8,1.53
"1653",1.75,4.2,4
"1654",5.25,3.75,1.66
"1655",2.4,3.3,3
"1656",3.2,3.4,2.25
"1657",3,3.3,2.4
"1658",1.61,3.6,6
"1659",3.5,3.3,2.1
"1660",2.05,3.4,3.6
"1661",3.25,3.2,2.3
"1662",1.8,3.6,4.5
"1663",2.05,3.5,3.6
"1664",2,3.5,3.8
"1665",2.2,3.2,3.5
"1666",2.3,3,3.5
"1667",1.18,7,15
"1668",1.36,5,8.5
"1669",2.3,3.1,3.4
"1670",3,3.3,2.37
"1671",2.87,3.4,2.45
"1672",6.5,3.75,1.57
"1673",1.25,6,12
"1674",1.25,6,11
"1675",4.75,3.75,1.72
"1676",3.6,3.5,2.05
"1677",1.72,4,4.33
"1678",5,4.5,1.57
"1679",2.87,3.6,2.3
"1680",3.5,3.3,2.15
"1681",3.6,3.3,2.1
"1682",2.25,3.3,3.3
"1683",3.5,3.6,2.05
